age_group,frequency,participation_pct
15-17,1+ per year,87.4
15-17,1+ per month,81.9
15-17,1+ per fortnight,77.7
15-17,1+ per week,71.0
15-17,2+ per week,61.2
15-17,3+ per week,53.1
15-17,4+ per week,45.1
15-17,5+ per week,38.7
15-17,6+ per week,30.7
15-17,7+ per week,24.3
18-24,1+ per year,88.7
18-24,1+ per month,83.1
18-24,1+ per fortnight,78.2
18-24,1+ per week,69.6
18-24,2+ per week,58.9
18-24,3+ per week,48.9
18-24,4+ per week,40.0
18-24,5+ per week,32.7
18-24,6+ per week,25.5
18-24,7+ per week,19.5
25-34,1+ per year,89.4
25-34,1+ per month,84.1
25-34,1+ per fortnight,78.8
25-34,1+ per week,70.3
25-34,2+ per week,59.6
25-34,3+ per week,50.1
25-34,4+ per week,40.8
25-34,5+ per week,32.6
25-34,6+ per week,25.0
25-34,7+ per week,19.6
35-44,1+ per year,88.7
35-44,1+ per month,83.2
35-44,1+ per fortnight,77.5
35-44,1+ per week,68.4
35-44,2+ per week,57.3
35-44,3+ per week,47.6
35-44,4+ per week,38.2
35-44,5+ per week,30.8
35-44,6+ per week,23.2
35-44,7+ per week,17.6
45-54,1+ per year,89.3
45-54,1+ per month,84.2
45-54,1+ per fortnight,79.9
45-54,1+ per week,71.5
45-54,2+ per week,61.3
45-54,3+ per week,52.6
45-54,4+ per week,44.0
45-54,5+ per week,36.0
45-54,6+ per week,27.3
45-54,7+ per week,20.5
55-64,1+ per year,87.4
55-64,1+ per month,83.7
55-64,1+ per fortnight,80.4
55-64,1+ per week,73.4
55-64,2+ per week,64.9
55-64,3+ per week,56.9
55-64,4+ per week,48.0
55-64,5+ per week,39.9
55-64,6+ per week,30.3
55-64,7+ per week,23.2
65+,1+ per year,75.4
65+,1+ per month,71.7
65+,1+ per fortnight,68.9
65+,1+ per week,61.8
65+,2+ per week,54.2
65+,3+ per week,46.0
65+,4+ per week,38.5
65+,5+ per week,32.0
65+,6+ per week,23.8
65+,7+ per week,17.4