year,frequency,state_code,state,participation_pct
2024,At least once per year,ACT,Australian Capital Territory,92.2
2024,At least once per year,NSW,New South Wales,85.5
2024,At least once per year,NT,Northern Territory,86.4
2024,At least once per year,QLD,Queensland,82.9
2024,At least once per year,SA,South Australia,83.5
2024,At least once per year,TAS,Tasmania,86.4
2024,At least once per year,VIC,Victoria,86.6
2024,At least once per year,WA,Western Australia,85.7
2024,At least once per week,ACT,Australian Capital Territory,76.6
2024,At least once per week,NSW,New South Wales,66.5
2024,At least once per week,NT,Northern Territory,69.9
2024,At least once per week,QLD,Queensland,65.0
2024,At least once per week,SA,South Australia,65.1
2024,At least once per week,TAS,Tasmania,69.6
2024,At least once per week,VIC,Victoria,69.1
2024,At least once per week,WA,Western Australia,66.9
2024,At least three times per week,ACT,Australian Capital Territory,58.2
2024,At least three times per week,NSW,New South Wales,47.3
2024,At least three times per week,NT,Northern Territory,50.4
2024,At least three times per week,QLD,Queensland,47.2
2024,At least three times per week,SA,South Australia,46.1
2024,At least three times per week,TAS,Tasmania,53.3
2024,At least three times per week,VIC,Victoria,49.7
2024,At least three times per week,WA,Western Australia,48.3
2025,At least once per year,ACT,Australian Capital Territory,92.2
2025,At least once per year,NSW,New South Wales,85.4
2025,At least once per year,NT,Northern Territory,89.3
2025,At least once per year,QLD,Queensland,83.9
2025,At least once per year,SA,South Australia,84.3
2025,At least once per year,TAS,Tasmania,87.0
2025,At least once per year,VIC,Victoria,87.5
2025,At least once per year,WA,Western Australia,86.8
2025,At least once per week,ACT,Australian Capital Territory,78.3
2025,At least once per week,NSW,New South Wales,67.2
2025,At least once per week,NT,Northern Territory,73.0
2025,At least once per week,QLD,Queensland,67.4
2025,At least once per week,SA,South Australia,67.0
2025,At least once per week,TAS,Tasmania,69.4
2025,At least once per week,VIC,Victoria,70.5
2025,At least once per week,WA,Western Australia,70.9
2025,At least three times per week,ACT,Australian Capital Territory,59.2
2025,At least three times per week,NSW,New South Wales,47.9
2025,At least three times per week,NT,Northern Territory,54.4
2025,At least three times per week,QLD,Queensland,49.6
2025,At least three times per week,SA,South Australia,48.6
2025,At least three times per week,TAS,Tasmania,51.3
2025,At least three times per week,VIC,Victoria,51.7
2025,At least three times per week,WA,Western Australia,52.5