lon,lat,region,area_type
150.441,-33.914,Greater Sydney,Capital city
151.052,-33.915,Greater Sydney,Capital city
151.233,-33.905,Greater Sydney,Capital city
150.752,-33.166,Greater Sydney,Capital city
150.566,-33.483,Greater Sydney,Capital city
150.77,-33.542,Greater Sydney,Capital city
151.024,-33.718,Greater Sydney,Capital city
150.634,-33.207,Greater Sydney,Capital city
150.014,-34.096,Greater Sydney,Capital city
150.254,-33.541,Greater Sydney,Capital city
150.377,-33.498,Greater Sydney,Capital city
150.984,-33.521,Greater Sydney,Capital city
151.308,-33.164,Greater Sydney,Capital city
150.705,-33.868,Greater Sydney,Capital city
150.602,-33.509,Greater Sydney,Capital city
150.638,-33.948,Greater Sydney,Capital city
150.688,-33.245,Greater Sydney,Capital city
150.029,-34.169,Greater Sydney,Capital city
151.375,-33.291,Greater Sydney,Capital city
150.352,-34.117,Greater Sydney,Capital city
150.303,-33.841,Greater Sydney,Capital city
151.137,-33.96,Greater Sydney,Capital city
150.515,-33.967,Greater Sydney,Capital city
150.508,-33.672,Greater Sydney,Capital city
151.435,-33.437,Greater Sydney,Capital city
150.928,-34.075,Greater Sydney,Capital city
150.321,-33.694,Greater Sydney,Capital city
150.619,-33.676,Greater Sydney,Capital city
150.771,-34.061,Greater Sydney,Capital city
150.033,-34.087,Greater Sydney,Capital city
150.903,-33.526,Greater Sydney,Capital city
151.112,-33.888,Greater Sydney,Capital city
151.045,-33.878,Greater Sydney,Capital city
150.735,-33.486,Greater Sydney,Capital city
151.001,-34.12,Greater Sydney,Capital city
150.652,-33.364,Greater Sydney,Capital city
150.422,-33.63,Greater Sydney,Capital city
150.728,-33.56,Greater Sydney,Capital city
150.627,-33.45,Greater Sydney,Capital city
150.371,-33.829,Greater Sydney,Capital city
150.615,-33.981,Greater Sydney,Capital city
151.295,-33.066,Greater Sydney,Capital city
150.185,-33.992,Greater Sydney,Capital city
150.077,-34.136,Greater Sydney,Capital city
150.458,-33.574,Greater Sydney,Capital city
150.393,-34.114,Greater Sydney,Capital city
150.845,-33.816,Greater Sydney,Capital city
150.907,-33.514,Greater Sydney,Capital city
150.719,-33.183,Greater Sydney,Capital city
150.282,-33.945,Greater Sydney,Capital city
150.577,-33.362,Greater Sydney,Capital city
151.227,-33.696,Greater Sydney,Capital city
151.115,-33.15,Greater Sydney,Capital city
150.602,-33.493,Greater Sydney,Capital city
150.604,-33.693,Greater Sydney,Capital city
150.85,-34.108,Greater Sydney,Capital city
150.849,-33.14,Greater Sydney,Capital city
150.073,-34.085,Greater Sydney,Capital city
150.367,-33.714,Greater Sydney,Capital city
151.044,-33.332,Greater Sydney,Capital city
151.295,-33.7,Greater Sydney,Capital city
150.779,-33.525,Greater Sydney,Capital city
151.233,-33.277,Greater Sydney,Capital city
151.113,-33.753,Greater Sydney,Capital city
150.729,-33.677,Greater Sydney,Capital city
150.793,-33.549,Greater Sydney,Capital city
150.636,-33.179,Greater Sydney,Capital city
150.783,-33.223,Greater Sydney,Capital city
150.929,-33.703,Greater Sydney,Capital city
150.073,-34.255,Greater Sydney,Capital city
151.314,-33.626,Greater Sydney,Capital city
150.287,-33.767,Greater Sydney,Capital city
151.344,-33.262,Greater Sydney,Capital city
151.035,-33.695,Greater Sydney,Capital city
150.866,-33.15,Greater Sydney,Capital city
150.541,-33.67,Greater Sydney,Capital city
150.619,-33.879,Greater Sydney,Capital city
150.215,-34.155,Greater Sydney,Capital city
150.235,-33.732,Greater Sydney,Capital city
150.856,-33.31,Greater Sydney,Capital city
151.076,-33.167,Greater Sydney,Capital city
150.382,-33.821,Greater Sydney,Capital city
150.74,-33.105,Greater Sydney,Capital city
151.141,-33.192,Greater Sydney,Capital city
150.367,-33.502,Greater Sydney,Capital city
150.842,-33.974,Greater Sydney,Capital city
150.612,-33.962,Greater Sydney,Capital city
150.785,-33.05,Greater Sydney,Capital city
150.988,-33.703,Greater Sydney,Capital city
150.768,-33.892,Greater Sydney,Capital city
151.019,-33.58,Greater Sydney,Capital city
149.707,-35.263,Rest of NSW,Rest of state
150.841,-32.377,Rest of NSW,Rest of state
144.721,-29.539,Rest of NSW,Rest of state
146.565,-32.723,Rest of NSW,Rest of state
150.991,-30.491,Rest of NSW,Rest of state
148.426,-34.074,Rest of NSW,Rest of state
143.515,-33.437,Rest of NSW,Rest of state
143.804,-31.597,Rest of NSW,Rest of state
148.958,-29.594,Rest of NSW,Rest of state
150.886,-34.426,Rest of NSW,Rest of state
149.921,-30.398,Rest of NSW,Rest of state
146.806,-31.77,Rest of NSW,Rest of state
143.572,-34.496,Rest of NSW,Rest of state
144.381,-35.31,Rest of NSW,Rest of state
144.821,-31.908,Rest of NSW,Rest of state
141.406,-32.752,Rest of NSW,Rest of state
150.619,-28.968,Rest of NSW,Rest of state
150.542,-30.662,Rest of NSW,Rest of state
143.448,-33.545,Rest of NSW,Rest of state
151.444,-31.64,Rest of NSW,Rest of state
150.122,-34.379,Rest of NSW,Rest of state
148.811,-31.727,Rest of NSW,Rest of state
144.969,-32.138,Rest of NSW,Rest of state
141.281,-29.561,Rest of NSW,Rest of state
142.702,-31.119,Rest of NSW,Rest of state
144.245,-30.405,Rest of NSW,Rest of state
141.812,-31.223,Rest of NSW,Rest of state
144.713,-31.952,Rest of NSW,Rest of state
146.407,-30.856,Rest of NSW,Rest of state
141.599,-33.804,Rest of NSW,Rest of state
152.059,-30.932,Rest of NSW,Rest of state
146.455,-31.235,Rest of NSW,Rest of state
141.182,-33.741,Rest of NSW,Rest of state
147.674,-29.864,Rest of NSW,Rest of state
146.547,-30.049,Rest of NSW,Rest of state
142.091,-33.879,Rest of NSW,Rest of state
142.931,-29.738,Rest of NSW,Rest of state
148.694,-36.207,Rest of NSW,Rest of state
148.861,-33.965,Rest of NSW,Rest of state
146.341,-33.27,Rest of NSW,Rest of state
149.765,-34.278,Rest of NSW,Rest of state
145.21,-31.644,Rest of NSW,Rest of state
149.851,-32.76,Rest of NSW,Rest of state
142.868,-29.788,Rest of NSW,Rest of state
150.114,-33.423,Rest of NSW,Rest of state
147.726,-33.021,Rest of NSW,Rest of state
143.823,-34.448,Rest of NSW,Rest of state
152.443,-32.28,Rest of NSW,Rest of state
152.145,-31.456,Rest of NSW,Rest of state
148.79,-32.618,Rest of NSW,Rest of state
142.308,-30.665,Rest of NSW,Rest of state
143.258,-31.551,Rest of NSW,Rest of state
147.617,-34.072,Rest of NSW,Rest of state
141.409,-31.454,Rest of NSW,Rest of state
147.443,-33.406,Rest of NSW,Rest of state
143.251,-31.816,Rest of NSW,Rest of state
143.552,-30.936,Rest of NSW,Rest of state
143.458,-34.365,Rest of NSW,Rest of state
146.542,-32.189,Rest of NSW,Rest of state
142.2,-29.088,Rest of NSW,Rest of state
145.616,-35.76,Rest of NSW,Rest of state
145.055,-38.292,Greater Melbourne,Capital city
145.4,-37.536,Greater Melbourne,Capital city
145.22,-37.518,Greater Melbourne,Capital city
145.335,-38.24,Greater Melbourne,Capital city
145.528,-37.805,Greater Melbourne,Capital city
145.321,-37.765,Greater Melbourne,Capital city
145.294,-37.652,Greater Melbourne,Capital city
145.469,-37.963,Greater Melbourne,Capital city
145.606,-37.816,Greater Melbourne,Capital city
144.925,-37.6,Greater Melbourne,Capital city
145.262,-38.244,Greater Melbourne,Capital city
145.578,-37.821,Greater Melbourne,Capital city
144.675,-37.555,Greater Melbourne,Capital city
145.02,-37.519,Greater Melbourne,Capital city
145.226,-37.564,Greater Melbourne,Capital city
145.371,-37.479,Greater Melbourne,Capital city
145.078,-38.288,Greater Melbourne,Capital city
145.203,-37.635,Greater Melbourne,Capital city
145.583,-37.907,Greater Melbourne,Capital city
144.564,-37.897,Greater Melbourne,Capital city
144.681,-37.902,Greater Melbourne,Capital city
145.283,-38.117,Greater Melbourne,Capital city
144.608,-37.518,Greater Melbourne,Capital city
144.738,-37.589,Greater Melbourne,Capital city
145.271,-38.027,Greater Melbourne,Capital city
145.778,-37.636,Greater Melbourne,Capital city
145.712,-37.829,Greater Melbourne,Capital city
145.414,-38.085,Greater Melbourne,Capital city
145.253,-37.778,Greater Melbourne,Capital city
145.648,-37.987,Greater Melbourne,Capital city
144.813,-37.276,Greater Melbourne,Capital city
144.643,-37.499,Greater Melbourne,Capital city
145.809,-37.811,Greater Melbourne,Capital city
145.404,-38.187,Greater Melbourne,Capital city
145.721,-37.701,Greater Melbourne,Capital city
145.157,-37.566,Greater Melbourne,Capital city
145.266,-37.512,Greater Melbourne,Capital city
145.484,-37.853,Greater Melbourne,Capital city
145.219,-37.52,Greater Melbourne,Capital city
145.539,-38.231,Greater Melbourne,Capital city
145.347,-37.714,Greater Melbourne,Capital city
145.327,-37.66,Greater Melbourne,Capital city
144.641,-37.644,Greater Melbourne,Capital city
145.382,-37.865,Greater Melbourne,Capital city
145.44,-37.906,Greater Melbourne,Capital city
145.058,-38.244,Greater Melbourne,Capital city
145.101,-38.395,Greater Melbourne,Capital city
145.706,-37.946,Greater Melbourne,Capital city
144.584,-37.906,Greater Melbourne,Capital city
144.533,-37.534,Greater Melbourne,Capital city
145.182,-37.653,Greater Melbourne,Capital city
145.392,-38.109,Greater Melbourne,Capital city
144.841,-37.324,Greater Melbourne,Capital city
144.732,-37.89,Greater Melbourne,Capital city
145.111,-37.531,Greater Melbourne,Capital city
144.622,-37.563,Greater Melbourne,Capital city
144.603,-37.62,Greater Melbourne,Capital city
144.652,-37.612,Greater Melbourne,Capital city
145.665,-37.865,Greater Melbourne,Capital city
144.621,-37.775,Greater Melbourne,Capital city
145.614,-37.94,Greater Melbourne,Capital city
145.547,-37.98,Greater Melbourne,Capital city
144.798,-37.491,Greater Melbourne,Capital city
144.963,-37.766,Greater Melbourne,Capital city
145.165,-37.432,Greater Melbourne,Capital city
145.157,-37.82,Greater Melbourne,Capital city
145.523,-37.957,Greater Melbourne,Capital city
145.14,-38.02,Greater Melbourne,Capital city
145.73,-37.894,Greater Melbourne,Capital city
145.185,-37.293,Greater Melbourne,Capital city
145.202,-37.304,Greater Melbourne,Capital city
145.715,-37.625,Greater Melbourne,Capital city
144.724,-37.851,Greater Melbourne,Capital city
144.589,-37.741,Greater Melbourne,Capital city
144.65,-37.387,Greater Melbourne,Capital city
145.25,-37.565,Greater Melbourne,Capital city
145.693,-38.126,Greater Melbourne,Capital city
145.372,-37.496,Greater Melbourne,Capital city
145.254,-38.08,Greater Melbourne,Capital city
145.003,-37.914,Greater Melbourne,Capital city
145.105,-37.788,Greater Melbourne,Capital city
145.789,-37.852,Greater Melbourne,Capital city
144.965,-37.669,Greater Melbourne,Capital city
145.232,-37.706,Greater Melbourne,Capital city
145.733,-37.686,Greater Melbourne,Capital city
145.763,-37.816,Greater Melbourne,Capital city
145.265,-38.19,Greater Melbourne,Capital city
145.105,-37.316,Greater Melbourne,Capital city
145.038,-37.276,Greater Melbourne,Capital city
144.677,-37.681,Greater Melbourne,Capital city
145.201,-37.779,Greater Melbourne,Capital city
145.127,-38.188,Greater Melbourne,Capital city
144.968,-37.484,Greater Melbourne,Capital city
144.841,-37.772,Greater Melbourne,Capital city
145.354,-37.777,Greater Melbourne,Capital city
145.521,-37.934,Greater Melbourne,Capital city
144.5,-37.704,Greater Melbourne,Capital city
145.461,-37.634,Greater Melbourne,Capital city
145.09,-37.415,Greater Melbourne,Capital city
144.928,-37.411,Greater Melbourne,Capital city
144.654,-37.835,Greater Melbourne,Capital city
143.227,-34.997,Rest of Vic.,Rest of state
143.477,-35.293,Rest of Vic.,Rest of state
146.85,-36.871,Rest of Vic.,Rest of state
141.426,-37.514,Rest of Vic.,Rest of state
146.848,-36.81,Rest of Vic.,Rest of state
144.683,-36.819,Rest of Vic.,Rest of state
146.834,-37.291,Rest of Vic.,Rest of state
142.349,-35.519,Rest of Vic.,Rest of state
141.617,-36.161,Rest of Vic.,Rest of state
147.823,-37.452,Rest of Vic.,Rest of state
146.382,-39.051,Rest of Vic.,Rest of state
144.602,-36.653,Rest of Vic.,Rest of state
144.521,-37.132,Rest of Vic.,Rest of state
143.804,-37.553,Rest of Vic.,Rest of state
146.923,-38.198,Rest of Vic.,Rest of state
148.063,-37.499,Rest of Vic.,Rest of state
141.581,-35.834,Rest of Vic.,Rest of state
145.14,-37.033,Rest of Vic.,Rest of state
142.847,-36.337,Rest of Vic.,Rest of state
141.781,-37.349,Rest of Vic.,Rest of state
147.529,-36.842,Rest of Vic.,Rest of state
143.173,-35.927,Rest of Vic.,Rest of state
142.043,-36.173,Rest of Vic.,Rest of state
141.596,-36.503,Rest of Vic.,Rest of state
147.733,-37.937,Rest of Vic.,Rest of state
141.236,-35.16,Rest of Vic.,Rest of state
146.161,-37.36,Rest of Vic.,Rest of state
147.958,-37.433,Rest of Vic.,Rest of state
144.252,-36.287,Rest of Vic.,Rest of state
142.56,-34.979,Rest of Vic.,Rest of state
141.738,-36.313,Rest of Vic.,Rest of state
142.557,-38.273,Rest of Vic.,Rest of state
146.367,-36.87,Rest of Vic.,Rest of state
147.342,-36.85,Rest of Vic.,Rest of state
144.983,-36.695,Rest of Vic.,Rest of state
146.039,-37.528,Rest of Vic.,Rest of state
146.399,-36.627,Rest of Vic.,Rest of state
152.532,-27.066,Greater Brisbane,Capital city
152.64,-27.294,Greater Brisbane,Capital city
152.634,-26.858,Greater Brisbane,Capital city
153.016,-27.577,Greater Brisbane,Capital city
152.526,-27.148,Greater Brisbane,Capital city
152.859,-27.117,Greater Brisbane,Capital city
152.752,-27.943,Greater Brisbane,Capital city
152.449,-26.663,Greater Brisbane,Capital city
152.446,-27.87,Greater Brisbane,Capital city
152.361,-27.455,Greater Brisbane,Capital city
152.218,-27.119,Greater Brisbane,Capital city
152.907,-27.018,Greater Brisbane,Capital city
152.928,-28.018,Greater Brisbane,Capital city
152.454,-27.182,Greater Brisbane,Capital city
152.861,-28.07,Greater Brisbane,Capital city
152.393,-26.566,Greater Brisbane,Capital city
152.444,-27.242,Greater Brisbane,Capital city
153.119,-27.856,Greater Brisbane,Capital city
152.767,-27.811,Greater Brisbane,Capital city
152.754,-27.629,Greater Brisbane,Capital city
152.614,-27.604,Greater Brisbane,Capital city
153.182,-27.561,Greater Brisbane,Capital city
152.448,-27.746,Greater Brisbane,Capital city
152.189,-26.949,Greater Brisbane,Capital city
152.649,-28.231,Greater Brisbane,Capital city
152.889,-27.019,Greater Brisbane,Capital city
152.867,-27.614,Greater Brisbane,Capital city
152.442,-26.7,Greater Brisbane,Capital city
152.889,-27.381,Greater Brisbane,Capital city
152.783,-27.204,Greater Brisbane,Capital city
152.839,-27.184,Greater Brisbane,Capital city
152.571,-27.435,Greater Brisbane,Capital city
152.605,-28.311,Greater Brisbane,Capital city
152.492,-27.174,Greater Brisbane,Capital city
152.638,-27.189,Greater Brisbane,Capital city
152.497,-27.693,Greater Brisbane,Capital city
152.837,-27.628,Greater Brisbane,Capital city
152.479,-27.941,Greater Brisbane,Capital city
152.422,-28.0,Greater Brisbane,Capital city
152.423,-26.987,Greater Brisbane,Capital city
152.594,-28.137,Greater Brisbane,Capital city
152.486,-26.728,Greater Brisbane,Capital city
152.46,-27.442,Greater Brisbane,Capital city
152.481,-28.21,Greater Brisbane,Capital city
152.784,-28.321,Greater Brisbane,Capital city
153.228,-27.655,Greater Brisbane,Capital city
152.994,-27.123,Greater Brisbane,Capital city
138.609,-24.293,Rest of Qld,Rest of state
138.554,-19.33,Rest of Qld,Rest of state
148.548,-26.518,Rest of Qld,Rest of state
152.268,-25.797,Rest of Qld,Rest of state
145.555,-19.238,Rest of Qld,Rest of state
144.19,-22.273,Rest of Qld,Rest of state
147.22,-21.296,Rest of Qld,Rest of state
145.238,-17.726,Rest of Qld,Rest of state
150.4,-27.029,Rest of Qld,Rest of state
142.909,-20.731,Rest of Qld,Rest of state
148.029,-23.587,Rest of Qld,Rest of state
142.949,-18.555,Rest of Qld,Rest of state
143.378,-19.747,Rest of Qld,Rest of state
142.908,-27.657,Rest of Qld,Rest of state
145.28,-17.293,Rest of Qld,Rest of state
142.763,-19.733,Rest of Qld,Rest of state
142.602,-19.985,Rest of Qld,Rest of state
150.269,-23.322,Rest of Qld,Rest of state
141.625,-15.772,Rest of Qld,Rest of state
146.936,-26.396,Rest of Qld,Rest of state
142.042,-14.28,Rest of Qld,Rest of state
140.227,-25.088,Rest of Qld,Rest of state
140.187,-21.952,Rest of Qld,Rest of state
147.275,-21.993,Rest of Qld,Rest of state
139.748,-25.627,Rest of Qld,Rest of state
147.563,-22.88,Rest of Qld,Rest of state
142.195,-12.925,Rest of Qld,Rest of state
150.484,-23.071,Rest of Qld,Rest of state
138.877,-17.311,Rest of Qld,Rest of state
146.799,-23.118,Rest of Qld,Rest of state
138.173,-18.613,Rest of Qld,Rest of state
141.788,-23.431,Rest of Qld,Rest of state
144.714,-26.296,Rest of Qld,Rest of state
138.483,-23.874,Rest of Qld,Rest of state
144.666,-21.073,Rest of Qld,Rest of state
150.079,-26.123,Rest of Qld,Rest of state
145.143,-15.516,Rest of Qld,Rest of state
144.15,-21.154,Rest of Qld,Rest of state
144.043,-20.502,Rest of Qld,Rest of state
143.795,-19.981,Rest of Qld,Rest of state
142.027,-18.28,Rest of Qld,Rest of state
150.611,-25.077,Rest of Qld,Rest of state
141.806,-28.234,Rest of Qld,Rest of state
140.206,-23.627,Rest of Qld,Rest of state
142.638,-18.722,Rest of Qld,Rest of state
141.823,-18.201,Rest of Qld,Rest of state
146.687,-27.897,Rest of Qld,Rest of state
144.7,-19.801,Rest of Qld,Rest of state
143.452,-17.426,Rest of Qld,Rest of state
138.725,-34.912,Greater Adelaide,Capital city
138.905,-34.787,Greater Adelaide,Capital city
138.71,-34.988,Greater Adelaide,Capital city
138.822,-35.19,Greater Adelaide,Capital city
138.596,-34.748,Greater Adelaide,Capital city
138.865,-34.826,Greater Adelaide,Capital city
138.565,-35.055,Greater Adelaide,Capital city
138.534,-34.805,Greater Adelaide,Capital city
138.942,-34.802,Greater Adelaide,Capital city
138.87,-34.783,Greater Adelaide,Capital city
138.768,-34.797,Greater Adelaide,Capital city
138.839,-34.852,Greater Adelaide,Capital city
138.55,-34.738,Greater Adelaide,Capital city
138.773,-34.854,Greater Adelaide,Capital city
138.908,-35.038,Greater Adelaide,Capital city
138.9,-34.729,Greater Adelaide,Capital city
138.522,-34.69,Greater Adelaide,Capital city
138.553,-35.032,Greater Adelaide,Capital city
138.797,-35.107,Greater Adelaide,Capital city
138.767,-34.904,Greater Adelaide,Capital city
138.969,-35.073,Greater Adelaide,Capital city
138.763,-35.126,Greater Adelaide,Capital city
138.63,-34.642,Greater Adelaide,Capital city
138.482,-34.864,Greater Adelaide,Capital city
138.82,-35.166,Greater Adelaide,Capital city
138.681,-34.531,Greater Adelaide,Capital city
139.005,-34.849,Greater Adelaide,Capital city
138.707,-35.003,Greater Adelaide,Capital city
138.774,-34.762,Greater Adelaide,Capital city
138.709,-34.839,Greater Adelaide,Capital city
135.315,-29.633,Rest of SA,Rest of state
133.948,-28.736,Rest of SA,Rest of state
138.499,-30.373,Rest of SA,Rest of state
138.582,-26.254,Rest of SA,Rest of state
134.269,-29.95,Rest of SA,Rest of state
136.961,-28.213,Rest of SA,Rest of state
135.495,-27.18,Rest of SA,Rest of state
137.067,-27.711,Rest of SA,Rest of state
137.205,-27.174,Rest of SA,Rest of state
116.069,-32.184,Greater Perth,Capital city
115.952,-32.553,Greater Perth,Capital city
115.825,-31.762,Greater Perth,Capital city
115.956,-31.874,Greater Perth,Capital city
115.857,-31.636,Greater Perth,Capital city
115.995,-31.911,Greater Perth,Capital city
116.012,-32.401,Greater Perth,Capital city
116.215,-31.824,Greater Perth,Capital city
115.763,-31.987,Greater Perth,Capital city
115.778,-31.751,Greater Perth,Capital city
115.924,-32.109,Greater Perth,Capital city
116.228,-31.704,Greater Perth,Capital city
116.056,-31.747,Greater Perth,Capital city
116.102,-32.389,Greater Perth,Capital city
116.211,-32.396,Greater Perth,Capital city
115.997,-31.831,Greater Perth,Capital city
115.841,-32.369,Greater Perth,Capital city
115.874,-32.151,Greater Perth,Capital city
116.127,-32.005,Greater Perth,Capital city
115.852,-32.346,Greater Perth,Capital city
115.699,-31.61,Greater Perth,Capital city
116.091,-31.852,Greater Perth,Capital city
115.787,-32.599,Greater Perth,Capital city
116.212,-31.756,Greater Perth,Capital city
115.726,-32.617,Greater Perth,Capital city
115.959,-32.491,Greater Perth,Capital city
116.22,-32.084,Greater Perth,Capital city
115.786,-31.999,Greater Perth,Capital city
116.099,-31.824,Greater Perth,Capital city
116.19,-32.426,Greater Perth,Capital city
116.216,-31.711,Greater Perth,Capital city
115.641,-31.5,Greater Perth,Capital city
116.166,-32.314,Greater Perth,Capital city
115.932,-32.612,Greater Perth,Capital city
116.346,-31.791,Greater Perth,Capital city
116.044,-31.946,Greater Perth,Capital city
115.79,-32.748,Greater Perth,Capital city
124.557,-23.856,Rest of WA,Rest of state
126.209,-31.439,Rest of WA,Rest of state
127.479,-18.017,Rest of WA,Rest of state
118.899,-23.583,Rest of WA,Rest of state
124.648,-20.668,Rest of WA,Rest of state
126.228,-19.126,Rest of WA,Rest of state
124.167,-21.85,Rest of WA,Rest of state
115.878,-26.806,Rest of WA,Rest of state
125.36,-19.588,Rest of WA,Rest of state
147.649,-42.788,Greater Hobart,Capital city
147.253,-42.718,Greater Hobart,Capital city
147.6,-42.785,Greater Hobart,Capital city
147.71,-42.847,Greater Hobart,Capital city
147.684,-42.868,Greater Hobart,Capital city
146.916,-43.223,Rest of Tas.,Rest of state
147.159,-42.229,Rest of Tas.,Rest of state
146.15,-42.505,Rest of Tas.,Rest of state
146.29,-43.12,Rest of Tas.,Rest of state
145.113,-41.209,Rest of Tas.,Rest of state
147.977,-42.06,Rest of Tas.,Rest of state
145.341,-42.037,Rest of Tas.,Rest of state
131.291,-12.529,Greater Darwin,Capital city
131.102,-12.333,Greater Darwin,Capital city
137.929,-17.798,Rest of NT,Rest of state
148.981,-35.705,Australian Capital Territory,Capital city
148.808,-35.528,Australian Capital Territory,Capital city
149.024,-35.439,Australian Capital Territory,Capital city
148.914,-35.55,Australian Capital Territory,Capital city
149.058,-35.649,Australian Capital Territory,Capital city
149.086,-35.34,Australian Capital Territory,Capital city
149.088,-35.309,Australian Capital Territory,Capital city
149.136,-35.449,Australian Capital Territory,Capital city
149.083,-35.49,Australian Capital Territory,Capital city
