age_group,contribution_type,share_pct
15-24,Formal volunteering,16.4
15-24,Informal volunteering,22.9
15-24,Unpaid work or support,30.9
25-34,Formal volunteering,13.1
25-34,Informal volunteering,32.5
25-34,Unpaid work or support,44.8
35-44,Formal volunteering,27.1
35-44,Informal volunteering,36.1
35-44,Unpaid work or support,48.1
45-54,Formal volunteering,28
45-54,Informal volunteering,33
45-54,Unpaid work or support,49.5
55-64,Formal volunteering,24.9
55-64,Informal volunteering,26.1
55-64,Unpaid work or support,52.6
65 years and over,Formal volunteering,25.9
65 years and over,Informal volunteering,26
65 years and over,Unpaid work or support,46.4